,p_grid,simulated_readings,t_grid,correction_factor
0,950,0.122669877,273,0.992315716
1,950,0.123657734,275,1.000306807
2,950,0.124630093,277,1.008172526
3,950,0.12558685,279,1.015912038
4,950,0.126528034,281,1.023525576
5,950,0.127453573,283,1.031012554
6,950,0.128363537,285,1.038373542
7,950,0.129257915,287,1.045608454
8,950,0.130136702,289,1.052717243
9,950,0.130999947,291,1.059700302
10,950,0.131847723,293,1.066558236
11,950,0.13267992,295,1.073290144
12,950,0.133496669,297,1.079897082
13,950,0.134298023,299,1.086379488
14,950,0.135083915,301,1.092736819
15,950,0.135854561,303,1.098970823
16,950,0.136609881,305,1.105080846
17,950,0.13734998,307,1.111067745
18,950,0.138074926,309,1.116932062
19,950,0.138784671,311,1.122673415
20,952.5,0.122256302,273,0.988970175
21,952.5,0.123242663,275,0.996949162
22,952.5,0.12421356,277,1.004803053
23,952.5,0.125168898,279,1.012531092
24,952.5,0.126108724,281,1.020133638
25,952.5,0.127032996,283,1.027610372
26,952.5,0.127941749,285,1.034961567
27,952.5,0.128834956,287,1.042186999
28,952.5,0.129712665,289,1.049287072
29,952.5,0.130574864,291,1.056261674
30,952.5,0.131421623,293,1.063111372
31,952.5,0.132252857,295,1.069835495
32,952.5,0.133068783,297,1.076435773
33,952.5,0.133869301,299,1.082911422
34,952.5,0.134654465,301,1.089262865
35,952.5,0.135424359,303,1.09549078
36,952.5,0.136179011,305,1.101595404
37,952.5,0.13691849,307,1.107577281
38,952.5,0.13764289,309,1.113437183
39,952.5,0.138352133,311,1.119174476
40,955,0.121844339,273,0.985637676
41,955,0.122829184,275,0.993604402
42,955,0.12379861,277,1.001446394
43,955,0.124752566,279,1.00916325
44,955,0.125691032,281,1.0167548
45,955,0.126614003,283,1.024221004
46,955,0.127521552,285,1.03156246
47,955,0.128413586,287,1.038778404
48,955,0.129290179,289,1.045869444
49,955,0.130151368,291,1.052835877
50,955,0.130997113,293,1.059677375
51,955,0.131827432,295,1.06639409
52,955,0.132642451,297,1.072987038
53,955,0.133442135,299,1.079455937
54,955,0.134226532,301,1.085801175
55,955,0.134995735,303,1.092023504
56,955,0.135749714,305,1.098122683
57,955,0.136488561,307,1.104099452
58,955,0.137212347,309,1.109954382
59,955,0.137921087,311,1.115687612
60,957.5,0.121434027,273,0.982318532
61,957.5,0.122417302,275,0.990272554
62,957.5,0.123385263,277,0.998102697
63,957.5,0.124337822,279,1.005808251
64,957.5,0.125274936,281,1.013388864
65,957.5,0.126196659,283,1.020844975
66,957.5,0.127102939,285,1.02817616
67,957.5,0.127993844,287,1.035382977
68,957.5,0.128869298,289,1.042464808
69,957.5,0.129729435,291,1.049422725
70,957.5,0.130574168,293,1.056256043
71,957.5,0.131403598,295,1.062965565
72,957.5,0.13221769,297,1.069551011
73,957.5,0.13301654,299,1.076013168
74,957.5,0.133800172,301,1.082352213
75,957.5,0.134568629,303,1.088568507
76,957.5,0.135321957,305,1.094662418
77,957.5,0.136060194,307,1.100634251
78,957.5,0.136783393,309,1.106484438
79,957.5,0.13749162,311,1.112213514
80,960,0.121025275,273,0.979012002
81,960,0.122007048,275,0.986953877
82,960,0.122973528,277,0.994772045
83,960,0.123924673,279,1.002466161
84,960,0.124860414,281,1.010035666
85,960,0.125780848,283,1.017481349
86,960,0.126685932,285,1.024802862
87,960,0.127575637,287,1.031999972
88,960,0.128450054,289,1.039073405
89,960,0.129309058,291,1.046022165
90,960,0.13015284,293,1.052847789
91,960,0.130981281,295,1.059549308
92,960,0.131794524,297,1.066127893
93,960,0.132592531,299,1.072583219
94,960,0.133375404,301,1.078916134
95,960,0.134143129,303,1.085126501
96,960,0.134895713,305,1.091214394
97,960,0.13563333,307,1.097181217
98,960,0.136355986,309,1.103027012
99,960,0.137063636,311,1.108751417
100,962.5,0.120618144,273,0.975718589
101,962.5,0.12159838,275,0.983648031
102,962.5,0.122563348,277,0.991453966
103,962.5,0.123513064,279,0.999136523
104,962.5,0.124447481,281,1.006695318
105,962.5,0.125366625,283,1.014130566
106,962.5,0.126270476,285,1.021442106
107,962.5,0.127159051,287,1.028630068
108,962.5,0.128032269,289,1.035693809
109,962.5,0.128890265,291,1.04263441
110,962.5,0.129733012,293,1.049451666
111,962.5,0.130560548,295,1.056145863
112,962.5,0.131372856,297,1.062716882
113,962.5,0.13217005,299,1.06916564
114,962.5,0.132952114,301,1.075492003
115,962.5,0.133719105,303,1.081696436
116,962.5,0.134471068,305,1.087779305
117,962.5,0.135208046,307,1.093740958
118,962.5,0.135930086,309,1.09958177
119,962.5,0.136637233,311,1.105302107
120,965,0.120212561,273,0.972437702
121,965,0.121191256,275,0.98035468
122,965,0.122154757,277,0.98814874
123,965,0.123103068,279,0.995819936
124,965,0.12403612,281,1.003367684
125,965,0.124953996,283,1.010792682
126,965,0.125856625,285,1.018094334
127,965,0.126743972,287,1.025272369
128,965,0.127616127,289,1.032327506
129,965,0.128473059,291,1.039259505
130,965,0.129314791,293,1.046068542
131,965,0.130141357,295,1.052754898
132,965,0.130952804,297,1.059318952
133,965,0.131749159,299,1.065760922
134,965,0.132530416,301,1.072080753
135,965,0.13329665,303,1.078279064
136,965,0.134047918,305,1.084356314
137,965,0.134784245,307,1.090312693
138,965,0.135505707,309,1.09614883
139,965,0.136212354,311,1.101865121
140,967.5,0.119808536,273,0.969169413
141,967.5,0.120785711,275,0.977074095
142,967.5,0.121747766,277,0.98485646
143,967.5,0.122694613,279,0.992515814
144,967.5,0.123626378,281,1.000053155
145,967.5,0.124542962,283,1.007467692
146,967.5,0.125444322,285,1.01475908
147,967.5,0.126330507,287,1.02192772
148,967.5,0.127201514,289,1.02897357
149,967.5,0.128057376,291,1.035896906
150,967.5,0.128898115,293,1.042697911
151,967.5,0.129723727,295,1.049376552
152,967.5,0.130534261,297,1.055933221
153,967.5,0.131329745,299,1.062368142
154,967.5,0.132110253,301,1.068681923
155,967.5,0.132875735,303,1.074874147
156,967.5,0.133626315,305,1.080945828
157,967.5,0.134362031,307,1.086897273
158,967.5,0.135082894,309,1.092728562
159,967.5,0.135788967,311,1.098440209
160,970,0.119406146,273,0.96591435
161,970,0.120381762,275,0.97380642
162,970,0.12134234,277,0.981576841
163,970,0.1222878,279,0.989224969
164,970,0.123218157,281,0.996750922
165,970,0.124133422,283,1.004154792
166,970,0.12503357,285,1.011436375
167,970,0.12591857,287,1.018595425
168,970,0.126788485,289,1.025632448
169,970,0.127643246,291,1.032546882
170,970,0.128482983,293,1.03933978
171,970,0.129307672,295,1.046010954
172,970,0.130117284,297,1.052560165
173,970,0.130911914,299,1.058988176
174,970,0.131691605,301,1.065295345
175,970,0.132456352,303,1.071481631
176,970,0.133206214,305,1.077547499
177,970,0.133941287,307,1.083493738
178,970,0.134661586,309,1.089320467
179,970,0.135367089,311,1.09502751
180,972.5,0.119005248,273,0.96267136
181,972.5,0.119979373,275,0.970551368
182,972.5,0.120938472,277,0.978309826
183,972.5,0.121882519,279,0.985946521
184,972.5,0.122811512,281,0.993461444
185,972.5,0.123725475,283,1.00085478
186,972.5,0.124624347,285,1.008126042
187,972.5,0.125508176,287,1.015275619
188,972.5,0.126376956,289,1.022303454
189,972.5,0.127230672,291,1.029209439
190,972.5,0.128069398,293,1.035994158
191,972.5,0.128893129,295,1.042657583
192,972.5,0.129701828,297,1.049199407
193,972.5,0.130495606,299,1.055620531
194,972.5,0.131274463,301,1.061920948
195,972.5,0.132038467,303,1.068101222
196,972.5,0.132787647,305,1.074161581
197,972.5,0.133522065,307,1.080102521
198,972.5,0.134241723,309,1.085924058
199,972.5,0.134946702,311,1.091626858
200,975,0.118605942,273,0.95944125
201,975,0.119578536,275,0.967308872
202,975,0.120536104,277,0.975054947
203,975,0.121478773,279,0.982680494
204,975,0.122406437,281,0.990184664
205,975,0.123319068,283,0.997567229
206,975,0.124216721,285,1.004828625
207,975,0.125099357,287,1.011968547
208,975,0.125966982,289,1.018987044
209,975,0.126819655,291,1.025884586
210,975,0.127657349,293,1.032660966
211,975,0.128480061,295,1.039316146
212,975,0.129287874,297,1.045850798
213,975,0.130080797,299,1.052265007
214,975,0.130858859,301,1.058559
215,975,0.131622102,303,1.064733116
216,975,0.132370561,305,1.070787638
217,975,0.133104342,307,1.076723425
218,975,0.133823464,309,1.082540628
219,975,0.134527871,311,1.088238801
220,977.5,0.118208204,273,0.956223818
221,977.5,0.119179239,275,0.964078831
222,977.5,0.120135344,277,0.971813066
223,977.5,0.121076559,279,0.979426858
224,977.5,0.122002858,281,0.98691998
225,977.5,0.122914219,283,0.994292274
226,977.5,0.123810591,285,1.001543309
227,977.5,0.12469204,287,1.008673632
228,977.5,0.125558568,289,1.015683255
229,977.5,0.126410135,291,1.02257185
230,977.5,0.127246808,293,1.029339964
231,977.5,0.128068577,295,1.035987515
232,977.5,0.128875487,297,1.042514872
233,977.5,0.129667533,299,1.048921985
234,977.5,0.13044479,301,1.055209465
235,977.5,0.131207282,303,1.061377502
236,977.5,0.131955054,305,1.067426469
237,977.5,0.132688151,307,1.073356721
238,977.5,0.133406627,309,1.079168708
239,977.5,0.134110475,311,1.084862358
240,980,0.117812014,273,0.953018914
241,980,0.118781498,275,0.960861377
242,980,0.119736093,277,0.968583404
243,980,0.120675898,279,0.97618578
244,980,0.121600858,281,0.983668082
245,980,0.122510872,283,0.991029469
246,980,0.12340601,285,0.998270532
247,980,0.124286269,287,1.005391225
248,980,0.125151653,289,1.012391592
249,980,0.126002167,291,1.019271672
250,980,0.126837793,293,1.02603131
251,980,0.127658608,295,1.032671147
252,980,0.12846458,297,1.039190911
253,980,0.129255758,299,1.045590999
254,980,0.130032219,301,1.051872044
255,980,0.130793945,303,1.058033885
256,980,0.131541001,305,1.064077063
257,980,0.132273443,307,1.070002018
258,980,0.13299132,309,1.075809152
259,980,0.133694597,311,1.081498185
260,982.5,0.117417344,273,0.949826304
261,982.5,0.118385266,275,0.957656129
262,982.5,0.119338425,277,0.965366533
263,982.5,0.120276775,279,0.972957148
264,982.5,0.121200315,281,0.98042796
265,982.5,0.122109051,283,0.987779013
266,982.5,0.123002955,285,0.995010091
267,982.5,0.123882027,287,1.00212118
268,982.5,0.124746288,289,1.009112463
269,982.5,0.125595742,291,1.01598397
270,982.5,0.126430325,293,1.022735175
271,982.5,0.127250128,295,1.02936682
272,982.5,0.128055196,297,1.035879277
273,982.5,0.128845525,299,1.042272498
274,982.5,0.129621118,301,1.048546516
275,982.5,0.130382107,303,1.054702396
276,982.5,0.131128456,305,1.06073985
277,982.5,0.131860202,307,1.066659178
278,982.5,0.132577418,309,1.072460967
279,982.5,0.13328019,311,1.078145919
280,985,0.117024208,273,0.9466461
281,985,0.117990573,275,0.954463334
282,985,0.118942226,277,0.962161559
283,985,0.119879175,279,0.969740835
284,985,0.120801362,281,0.977200702
285,985,0.121708776,283,0.98454106
286,985,0.122601435,285,0.991762064
287,985,0.123479305,287,0.998863431
288,985,0.124342433,289,1.005845554
289,985,0.125190762,291,1.012707958
290,985,0.126024332,293,1.01945097
291,985,0.126843161,295,1.026074738
292,985,0.127647337,297,1.032579976
293,985,0.128436735,299,1.038965666
294,985,0.129211576,301,1.045233602
295,985,0.129971729,303,1.051382719
296,985,0.130717382,305,1.057414545
297,985,0.13144846,307,1.063328472
298,985,0.132165078,309,1.069125416
299,985,0.132867212,311,1.074805207
300,987.5,0.116632606,273,0.943478304
301,987.5,0.117597421,275,0.951283
302,987.5,0.11854756,277,0.958968981
303,987.5,0.119483091,279,0.966536787
304,987.5,0.120403937,281,0.973985806
305,987.5,0.121310043,283,0.981315583
306,987.5,0.122201454,285,0.988526492
307,987.5,0.123078088,287,0.995617859
308,987.5,0.12394007,289,1.00259071
309,987.5,0.124787322,291,1.009444398
310,987.5,0.125619848,293,1.016178972
311,987.5,0.1264377,295,1.022794837
312,987.5,0.127240939,297,1.029292488
313,987.5,0.128029534,299,1.035671684
314,987.5,0.128803479,301,1.041932377
315,987.5,0.129562918,303,1.048075718
316,987.5,0.130307803,305,1.054101327
317,987.5,0.131038193,307,1.060009686
318,987.5,0.131754173,309,1.065801475
319,987.5,0.132455763,311,1.071476865
320,990,0.116242509,273,0.940322684
321,990,0.117205779,275,0.94811488
322,990,0.118154453,277,0.955789013
323,990,0.119088532,279,0.963345072
324,990,0.120007975,281,0.970782743
325,990,0.120912798,283,0.978102144
326,990,0.12180294,285,0.985302787
327,990,0.122678371,287,0.992384425
328,990,0.123539216,289,0.999348076
329,990,0.124385338,291,1.006192622
330,990,0.125216854,293,1.012919024
331,990,0.126033726,295,1.019526956
332,990,0.126836035,297,1.026017089
333,990,0.127623777,299,1.032389387
334,990,0.128396877,301,1.038643237
335,990,0.129155536,303,1.044780278
336,990,0.129899709,305,1.050800127
337,990,0.130629406,307,1.056702882
338,990,0.1313448,309,1.062489929
339,990,0.132045755,311,1.068160176
340,992.5,0.115853925,273,0.937179303
341,992.5,0.116815651,275,0.944959018
342,992.5,0.117762848,277,0.952621194
343,992.5,0.118695491,279,0.960165639
344,992.5,0.11961357,281,0.967592272
345,992.5,0.12051705,283,0.974900808
346,992.5,0.121405939,285,0.982091318
347,992.5,0.122280182,287,0.989163349
348,992.5,0.123139847,289,0.99611745
349,992.5,0.123984873,291,1.002953136
350,992.5,0.124815381,293,1.009671378
351,992.5,0.125631277,295,1.016271422
352,992.5,0.126432613,297,1.022753681
353,992.5,0.127219424,299,1.029118445
354,992.5,0.127991753,301,1.035366065
355,992.5,0.128749653,303,1.041496955
356,992.5,0.129493062,305,1.047510627
357,992.5,0.1302221,307,1.053408051
358,992.5,0.130936817,309,1.059189628
359,992.5,0.131637201,311,1.064855256
360,995,0.115466839,273,0.934048041
361,995,0.116426985,275,0.941814974
362,995,0.117372721,277,0.94946533
363,995,0.118303946,279,0.956998307
364,995,0.11922061,281,0.964413491
365,995,0.120122802,283,0.971711614
366,995,0.121010411,285,0.978891764
367,995,0.121883467,287,0.985954196
368,995,0.122741955,289,0.992898773
369,995,0.123585898,291,0.999725696
370,995,0.124415371,293,1.006435568
371,995,0.12523028,295,1.013027631
372,995,0.126030709,297,1.019502551
373,995,0.126816648,299,1.025860264
374,995,0.127588117,301,1.032100921
375,995,0.128345178,303,1.038225029
376,995,0.129087877,305,1.044232956
377,995,0.129816248,307,1.050124982
378,995,0.130530369,309,1.055901741
379,995,0.131230117,311,1.06156222
380,997.5,0.115081254,273,0.930928923
381,997.5,0.116039864,275,0.938683424
382,997.5,0.116984112,277,0.946321746
383,997.5,0.117913887,279,0.953842993
384,997.5,0.118829209,281,0.961247326
385,997.5,0.119730042,283,0.96853445
386,997.5,0.120616394,285,0.975704435
387,997.5,0.121488226,287,0.982756962
388,997.5,0.122345587,289,0.989692425
389,997.5,0.123188457,291,0.99651067
390,997.5,0.12401685,293,1.003211809
391,997.5,0.124830782,295,1.009795961
392,997.5,0.125630234,297,1.016262983
393,997.5,0.126415288,299,1.022613537
394,997.5,0.127185922,301,1.028847441
395,997.5,0.127942212,303,1.034965311
396,997.5,0.128684205,305,1.040967526
397,997.5,0.129411875,307,1.046853879
398,997.5,0.13012531,309,1.052625084
399,997.5,0.130824507,311,1.058281113
400,1000,0.114697156,273,0.927821829
401,1000,0.115654243,275,0.935564011
402,1000,0.116596963,277,0.943189975
403,1000,0.117525338,279,0.950699902
404,1000,0.118439265,281,0.958092948
405,1000,0.119338762,283,0.965369266
406,1000,0.120223857,285,0.972529075
407,1000,0.121094468,287,0.979571732
408,1000,0.121950688,289,0.986497962
409,1000,0.122792459,291,0.993307322
410,1000,0.123619807,293,1
411,1000,0.124432748,295,1.006576135
412,1000,0.125231255,297,1.013035514
413,1000,0.126015396,299,1.01937868
414,1000,0.126785207,301,1.025605929
415,1000,0.127540705,303,1.031717394
416,1000,0.128281939,305,1.037713473
417,1000,0.12900892,307,1.043594249
418,1000,0.129721734,309,1.049360435
419,1000,0.130420302,311,1.055011367
420,1002.5,0.114314567,273,0.92472695
421,1002.5,0.115270106,275,0.932456605
422,1002.5,0.116211322,277,0.940070408
423,1002.5,0.11713824,279,0.947568537
424,1002.5,0.118050781,281,0.954950375
425,1002.5,0.118948972,283,0.962216125
426,1002.5,0.119832756,285,0.969365341
427,1002.5,0.120702248,287,0.976398934
428,1002.5,0.121557293,289,0.983315663
429,1002.5,0.122397937,291,0.990115903
430,1002.5,0.123224234,293,0.996800084
431,1002.5,0.124036166,295,1.003368064
432,1002.5,0.124833704,297,1.009819601
433,1002.5,0.125616952,299,1.01615554
434,1002.5,0.126385934,301,1.022376081
435,1002.5,0.127140644,303,1.028481171
436,1002.5,0.127881144,305,1.03447131
437,1002.5,0.128607422,307,1.040346407
438,1002.5,0.129319559,309,1.046107107
439,1002.5,0.130017545,311,1.05175334
440,1005,0.113933441,273,0.9216439
441,1005,0.114887431,275,0.92936103
442,1005,0.115827169,277,0.936962868
443,1005,0.11675262,279,0.944449133
444,1005,0.117663805,281,0.951820004
445,1005,0.118560651,283,0.959074877
446,1005,0.1194432,285,0.966214094
447,1005,0.120311432,287,0.973237504
448,1005,0.121165327,289,0.98014493
449,1005,0.122004842,291,0.986936033
450,1005,0.122830083,293,0.993611671
451,1005,0.123641035,295,1.000171721
452,1005,0.124437651,297,1.006615798
453,1005,0.125220001,299,1.01294448
454,1005,0.125988133,301,1.019158145
455,1005,0.126742036,303,1.025256706
456,1005,0.127481769,305,1.031240637
457,1005,0.12820737,307,1.037110259
458,1005,0.128918842,309,1.042865583
459,1005,0.129616219,311,1.048506888
460,1007.5,0.113553806,273,0.918572909
461,1007.5,0.11450626,275,0.926277614
462,1007.5,0.115444455,277,0.93386697
463,1007.5,0.116368507,279,0.941341923
464,1007.5,0.117278252,281,0.948701144
465,1007.5,0.118173807,283,0.955945571
466,1007.5,0.119055099,285,0.963074624
467,1007.5,0.11992211,287,0.970088154
468,1007.5,0.12077483,289,0.976986074
469,1007.5,0.12161326,291,0.983768404
470,1007.5,0.122437436,293,0.99043542
471,1007.5,0.123247357,295,0.996987135
472,1007.5,0.124043034,297,1.003423621
473,1007.5,0.124824488,299,1.009745048
474,1007.5,0.125591758,301,1.015951741
475,1007.5,0.12634485,303,1.02204374
476,1007.5,0.127083843,305,1.028021694
477,1007.5,0.12780874,307,1.033885612
478,1007.5,0.128519542,309,1.039635515
479,1007.5,0.129216319,311,1.045271967
480,1010,0.113175643,273,0.91551383
481,1010,0.114126494,275,0.923205566
482,1010,0.115063225,277,0.93078308
483,1010,0.115985826,279,0.938246297
484,1010,0.116894229,281,0.945594661
485,1010,0.117788423,283,0.952828081
486,1010,0.118668442,285,0.959946829
487,1010,0.11953424,287,0.966950548
488,1010,0.120385791,289,0.973839013
489,1010,0.121223129,291,0.980612506
490,1010,0.122046215,293,0.987270714
491,1010,0.122855131,295,0.993814291
492,1010,0.123649868,297,1.000243173
493,1010,0.124430431,299,1.006557395
494,1010,0.125196827,301,1.012757014
495,1010,0.125949124,303,1.018842584
496,1010,0.126687369,305,1.02481449
497,1010,0.127411544,307,1.030672571
498,1010,0.128121678,309,1.03641707
499,1010,0.128817846,311,1.042048597
500,1012.5,0.112798972,273,0.912466816
501,1012.5,0.113748237,275,0.920145727
502,1012.5,0.114683461,277,0.927711052
503,1012.5,0.115604602,279,0.935162452
504,1012.5,0.116511626,281,0.942499655
505,1012.5,0.117404533,283,0.949722666
506,1012.5,0.118283268,285,0.956831033
507,1012.5,0.119147817,287,0.963824645
508,1012.5,0.119998176,289,0.970703474
509,1012.5,0.120834416,291,0.977468082
510,1012.5,0.121656437,293,0.984117674
511,1012.5,0.122464364,295,0.990653251
512,1012.5,0.123258123,297,0.997074221
513,1012.5,0.124037772,299,1.003381055
514,1012.5,0.124803347,301,1.009574033
515,1012.5,0.125554827,303,1.01565299
516,1012.5,0.126292284,305,1.021618518
517,1012.5,0.127015728,307,1.027470688
518,1012.5,0.127725225,309,1.033210033
519,1012.5,0.128420797,311,1.03883674
520,1015,0.112423712,273,0.909431223
521,1015,0.113371441,275,0.9170977
522,1015,0.114305122,277,0.924650546
523,1015,0.115224843,279,0.932090462
524,1015,0.116130499,281,0.939416604
525,1015,0.117022053,283,0.946628669
526,1015,0.117899505,285,0.953726653
527,1015,0.118762807,287,0.96071018
528,1015,0.119612045,289,0.967579933
529,1015,0.120447138,291,0.974335271
530,1015,0.121268149,293,0.980976689
531,1015,0.122075058,295,0.987504036
532,1015,0.122867872,297,0.993917358
533,1015,0.12364659,299,1.000216659
534,1015,0.124411247,301,1.006402212
535,1015,0.125161917,303,1.012474621
536,1015,0.125898652,305,1.018434306
537,1015,0.126621361,307,1.024280524
538,1015,0.127330217,309,1.030014692
539,1015,0.128025145,311,1.035636184
540,1017.5,0.112049911,273,0.906407424
541,1017.5,0.112996061,275,0.914061134
542,1017.5,0.11392828,277,0.921602153
543,1017.5,0.114846536,279,0.929030212
544,1017.5,0.115750809,281,0.936345168
545,1017.5,0.11664105,283,0.943546611
546,1017.5,0.11751719,285,0.950633984
547,1017.5,0.118379292,287,0.957607806
548,1017.5,0.119227333,289,0.96446788
549,1017.5,0.120061326,291,0.97121431
550,1017.5,0.120881253,293,0.977846965
551,1017.5,0.121687122,295,0.984365892
552,1017.5,0.122478967,297,0.99077138
553,1017.5,0.123256803,299,0.997063545
554,1017.5,0.124020637,301,1.003242438
555,1017.5,0.12477045,303,1.009307916
556,1017.5,0.12550642,305,1.015261414
557,1017.5,0.126228397,307,1.021101715
558,1017.5,0.126936592,309,1.026830531
559,1017.5,0.127630889,311,1.03244692
560,1020,0.111677566,273,0.903395409
561,1020,0.112622139,275,0.911036359
562,1020,0.113552876,277,0.918565387
563,1020,0.114469685,279,0.925981744
564,1020,0.11537256,281,0.933285395
565,1020,0.116261437,283,0.940475802
566,1020,0.117136319,285,0.947553003
567,1020,0.117997206,287,0.954516989
568,1020,0.118844039,289,0.961367293
569,1020,0.119676931,291,0.968104816
570,1020,0.120495787,293,0.974728808
571,1020,0.121300652,295,0.981239619
572,1020,0.122091532,297,0.987637298
573,1020,0.122868436,299,0.993921919
574,1020,0.123631381,301,1.000093629
575,1020,0.124380421,303,1.006152852
576,1020,0.125115539,305,1.012099451
577,1020,0.125836884,307,1.017934643
578,1020,0.126544397,309,1.023657937
579,1020,0.127238032,311,1.029268971
580,1022.5,0.11130661,273,0.900394624
581,1022.5,0.112249679,275,0.90802341
582,1022.5,0.113178909,277,0.915540252
583,1022.5,0.114094256,279,0.922944784
584,1022.5,0.1149957,281,0.930236854
585,1022.5,0.115883241,283,0.937416453
586,1022.5,0.116756859,285,0.944483429
587,1022.5,0.117616523,287,0.951437525
588,1022.5,0.118462225,289,0.958278674
589,1022.5,0.119293964,291,0.965006874
590,1022.5,0.120111755,293,0.971622249
591,1022.5,0.120915603,295,0.978124835
592,1022.5,0.12170547,297,0.984514317
593,1022.5,0.122481478,299,0.990791691
594,1022.5,0.123243553,301,0.996956362
595,1022.5,0.123991802,303,1.003009183
596,1022.5,0.12472616,305,1.008949638
597,1022.5,0.125446755,307,1.014778763
598,1022.5,0.126153569,309,1.020496411
599,1022.5,0.12684658,311,1.026102393
600,1025,0.110937159,273,0.89740602
601,1025,0.111878638,275,0.90502194
602,1025,0.112806342,277,0.912526438
603,1025,0.113720239,279,0.919919242
604,1025,0.114620327,281,0.927200343
605,1025,0.115506542,283,0.934369215
606,1025,0.116378871,285,0.94142576
607,1025,0.117237304,287,0.948369904
608,1025,0.118081797,289,0.955201273
609,1025,0.118912436,291,0.96192058
610,1025,0.119729148,293,0.968527217
611,1025,0.120531942,295,0.975021278
612,1025,0.121320886,297,0.981403297
613,1025,0.122095938,299,0.987672939
614,1025,0.122857154,301,0.993830659
615,1025,0.123604536,303,0.999876472
616,1025,0.124338164,305,1.005811017
617,1025,0.125058012,307,1.011634101
618,1025,0.125764145,309,1.017346233
619,1025,0.126456518,311,1.022947061
620,1027.5,0.110569078,273,0.894428492
621,1027.5,0.111508984,275,0.902031693
622,1027.5,0.112435246,277,0.909524522
623,1027.5,0.11334768,279,0.916905495
624,1027.5,0.114246329,281,0.924174952
625,1027.5,0.115131198,283,0.93133294
626,1027.5,0.116002284,285,0.938379432
627,1027.5,0.116859472,287,0.945313498
628,1027.5,0.117702789,289,0.952135357
629,1027.5,0.118532283,291,0.9588454
630,1027.5,0.119347914,293,0.965443298
631,1027.5,0.120149706,295,0.97192925
632,1027.5,0.120937634,297,0.978303044
633,1027.5,0.121711824,299,0.984565719
634,1027.5,0.122472162,301,0.990716337
635,1027.5,0.1232187,303,0.996755314
636,1027.5,0.123951557,305,1.002683631
637,1027.5,0.124670676,307,1.008500816
638,1027.5,0.12537609,309,1.014207136
639,1027.5,0.126067857,311,1.019803056
640,1030,0.110202438,273,0.891462627
641,1030,0.111140808,275,0.899053402
642,1030,0.112065516,277,0.90653366
643,1030,0.112976532,279,0.913903159
644,1030,0.113873769,281,0.921161192
645,1030,0.114757285,283,0.92830824
646,1030,0.115627076,285,0.935344252
647,1030,0.116483033,287,0.942268363
648,1030,0.11732521,289,0.949080999
649,1030,0.118153546,291,0.955781672
650,1030,0.118968082,293,0.962370712
651,1030,0.11976888,295,0.968848621
652,1030,0.120555836,297,0.975214564
653,1030,0.121329065,299,0.981469456
654,1030,0.122088545,301,0.987613131
655,1030,0.122834272,303,0.993645555
656,1030,0.123566311,305,0.99956725
657,1030,0.12428469,307,1.005378451
658,1030,0.124989422,309,1.011079252
659,1030,0.125680542,311,1.01666994
660,1032.5,0.109837234,273,0.888508379
661,1032.5,0.110774015,275,0.896086292
662,1032.5,0.111697188,277,0.90355414
663,1032.5,0.112606743,279,0.910911815
664,1032.5,0.113502646,281,0.918159064
665,1032.5,0.114384834,283,0.925295358
666,1032.5,0.115253287,285,0.932320553
667,1032.5,0.116108044,287,0.939234955
668,1032.5,0.116948987,289,0.94603761
669,1032.5,0.11777625,291,0.952729602
670,1032.5,0.118589704,293,0.959309891
671,1032.5,0.119389418,295,0.965779036
672,1032.5,0.120175438,297,0.972137402
673,1032.5,0.120947728,299,0.978384703
674,1032.5,0.121706293,301,0.984520976
675,1032.5,0.122451198,303,0.990546752
676,1032.5,0.123182502,305,0.996462501
677,1032.5,0.123900115,307,1.002267501
678,1032.5,0.124604171,309,1.007962835
679,1032.5,0.125294583,311,1.0135478
680,1035,0.109473406,273,0.885565258
681,1035,0.110408655,275,0.893130783
682,1035,0.111330315,277,0.900586385
683,1035,0.112238423,279,0.907932355
684,1035,0.113132921,281,0.915168236
685,1035,0.114013746,283,0.922293509
686,1035,0.114880937,285,0.929308495
687,1035,0.115734426,287,0.936212643
688,1035,0.116574223,289,0.943006026
689,1035,0.117400343,291,0.949688773
690,1035,0.118212702,293,0.956260208
691,1035,0.119011394,295,0.96272108
692,1035,0.119796409,297,0.969071317
693,1035,0.120567759,299,0.975311015
694,1035,0.121325469,301,0.981440369
695,1035,0.12206951,303,0.987459156
696,1035,0.122799991,305,0.993368243
697,1035,0.123516885,307,0.999167431
698,1035,0.124220252,309,1.00485719
699,1035,0.124910067,311,1.010437325
700,1037.5,0.109110976,273,0.88263344
701,1037.5,0.110044643,275,0.890186177
702,1037.5,0.110964822,277,0.897629791
703,1037.5,0.111871479,279,0.904964031
704,1037.5,0.11276458,281,0.91218861
705,1037.5,0.113644054,283,0.919302954
706,1037.5,0.114509928,285,0.926307284
707,1037.5,0.115362197,287,0.933201558
708,1037.5,0.11620081,289,0.939985368
709,1037.5,0.117025765,291,0.946658693
710,1037.5,0.117837061,293,0.953221525
711,1037.5,0.118634735,295,0.959674163
712,1037.5,0.119418757,297,0.966016368
713,1037.5,0.120189182,299,0.972248585
714,1037.5,0.120946019,301,0.978370877
715,1037.5,0.121689226,303,0.984382911
716,1037.5,0.122418883,305,0.99028534
717,1037.5,0.123135026,307,0.996078453
718,1037.5,0.123837708,309,1.001762668
719,1037.5,0.12452687,311,1.00733752
720,1040,0.10874996,273,0.87971307
721,1040,0.109682088,275,0.887253351
722,1040,0.110600756,277,0.894684746
723,1040,0.111505948,279,0.902007138
724,1040,0.112397625,281,0.909220191
725,1040,0.113275768,283,0.916323771
726,1040,0.114140365,285,0.923317773
727,1040,0.114991361,287,0.930201754
728,1040,0.115828764,289,0.936975772
729,1040,0.116652609,291,0.943640113
730,1040,0.117462832,293,0.950194268
731,1040,0.118259477,295,0.956638586
732,1040,0.119042517,297,0.962972844
733,1040,0.119811968,299,0.969197175
734,1040,0.120567887,301,0.975312048
735,1040,0.121310278,303,0.981317486
736,1040,0.122039161,305,0.987213651
737,1040,0.122754549,307,0.993000654
738,1040,0.123456499,309,0.998678947
739,1040,0.124145017,311,1.004248587
740,1042.5,0.108390359,273,0.876804143
741,1042.5,0.109320861,275,0.884331271
742,1042.5,0.110238024,277,0.891750494
743,1042.5,0.111141793,279,0.899061368
744,1042.5,0.112032078,281,0.906263171
745,1042.5,0.112908894,283,0.913356015
746,1042.5,0.113772157,285,0.920339221
747,1042.5,0.114621905,287,0.927213102
748,1042.5,0.115458137,289,0.933977655
749,1042.5,0.116280842,291,0.94063277
750,1042.5,0.117089979,293,0.947178139
751,1042.5,0.117885573,295,0.953613952
752,1042.5,0.118667632,297,0.959940281
753,1042.5,0.119436139,299,0.966156976
754,1042.5,0.120191179,301,0.972264736
755,1042.5,0.120932699,303,0.978263131
756,1042.5,0.121660791,305,0.984152899
757,1042.5,0.12237543,307,0.989933842
758,1042.5,0.123076705,309,0.995606673
759,1042.5,0.123764523,311,1.001170657
760,1045,0.10803209,273,0.873905991
761,1045,0.108961079,275,0.881420875
762,1045,0.109876716,277,0.888827758
763,1045,0.110779022,279,0.896126797
764,1045,0.111667894,281,0.90331717
765,1045,0.112543344,283,0.910398959
766,1045,0.113405326,285,0.917371811
767,1045,0.114253847,287,0.924235763
768,1045,0.115088896,289,0.930990744
769,1045,0.11591044,291,0.937636471
770,1045,0.116718506,293,0.94417318
771,1045,0.117513062,295,0.950600594
772,1045,0.118294115,297,0.956918778
773,1045,0.11906169,299,0.963127936
774,1045,0.119815819,301,0.969228332
775,1045,0.120556506,303,0.975219979
776,1045,0.121283806,305,0.981103344
777,1045,0.121997671,307,0.986878026
778,1045,0.122698233,309,0.992545093
779,1045,0.1233854,311,0.998103807
780,1047.5,0.107675253,273,0.871019425
781,1047.5,0.108602648,275,0.878521416
782,1047.5,0.109516768,277,0.885916025
783,1047.5,0.110417607,279,0.893203198
784,1047.5,0.111305073,281,0.900382193
785,1047.5,0.112179196,283,0.907453256
786,1047.5,0.113039884,285,0.914415634
787,1047.5,0.113887148,287,0.921269417
788,1047.5,0.114720992,289,0.928014651
789,1047.5,0.115541427,291,0.934651412
790,1047.5,0.116348377,293,0.941179086
791,1047.5,0.117141875,295,0.947597944
792,1047.5,0.11792196,297,0.953908304
793,1047.5,0.11868857,299,0.960109653
794,1047.5,0.119441797,301,0.966202749
795,1047.5,0.120181675,303,0.972187858
796,1047.5,0.120908116,305,0.978064268
797,1047.5,0.12162125,307,0.983833034
798,1047.5,0.122321115,309,0.989494469
799,1047.5,0.123007604,311,0.995047698
